method_family	model_id	result_dir	checkpoint	mean_dice	hits	hit_rate	raw_like	result_hash	dice_2a	dice_2b	dice_2c	dice_2d
resampling_fixed_d1p0_h0p7_w0p7_v1_v11_controlled_10kupd	resampling_fixed_d1p0_h0p7_w0p7_v1_v11_controlled_10kupd__resample_baseline_update10000__1bf09c0e	outputs/resampling_fixed_d1p0_h0p7_w0p7_v1_v11_controlled_10kupd/full200/resample_baseline_update10000	/common/lidxxlab/chushu/RexGroundingCT/outputs/resampling_fixed_d1p0_h0p7_w0p7_v1_v11_controlled_10kupd/baseline/checkpoints/checkpoint_update_10000.pth	0.34508090072683734	290	0.7611548556430446	True	1bf09c0e907196faa7f5dd0d700e0a5d468169f353a6ec31332ab6b2bab18b45	0.3338854989332298	0.3619962742827398	0.3778247886630567	0.4004475731610996
resampling_fixed_d0p75_h0p7_w0p7_v1_v11_controlled_10kupd	resampling_fixed_d0p75_h0p7_w0p7_v1_v11_controlled_10kupd__resample_d075_baseline_update10000__e490373c	outputs/resampling_fixed_d0p75_h0p7_w0p7_v1_v11_controlled_10kupd/full200/resample_d075_baseline_update10000	/common/lidxxlab/chushu/RexGroundingCT/outputs/resampling_fixed_d0p75_h0p7_w0p7_v1_v11_controlled_10kupd/full200/resample_d075_baseline_update10000/voxtell_model/fold_0/checkpoint_final.pth	0.3424869880783371	297	0.7795275590551181	True	e490373c0b15f8ab367ee8d7931a4f5960d66a283826ed0003cff483c5cc6b2f	0.3422133697461759	0.3598951478609602	0.3784442556828485	0.3901996835639967
word_global_v11_b3_low_lr_poly_full200_selected	word_global_v11_b3_low_lr_poly_full200_selected__b3_low_lr_update5000__0b0b5171	outputs/word_global_v11_b3_low_lr_poly_full200_selected/b3_low_lr_update5000	/common/lidxxlab/chushu/RexGroundingCT/outputs/word_global_v11_b3_low_lr_poly_from4000_to5000/checkpoints/checkpoint_update_5000.pth	0.33835609873366407	293	0.7690288713910761	True	0b0b51710dd3ed376eecd31c3b89bd83de894e337494c0a134f603c3e3ae1851	0.3358631609969916	0.3539446721369281	0.3805816591096219	0.3866837793995437
sampler_ablation_restricted_vs_inclusive_5k	sampler_ablation_restricted_vs_inclusive_5k__update_04400__1cf9a47d	outputs/sampler_ablation_restricted_vs_inclusive_5k/S1_inclusive/full200_bf16_cached/update_04400	/common/lidxxlab/chushu/RexGroundingCT/outputs/sampler_ablation_restricted_vs_inclusive_5k/S1_inclusive/full200_models/update_04400/fold_0/checkpoint_final.pth	0.33809790901431325	292	0.7664041994750657	True	1cf9a47d94cf325306cb91d3e3f1f013f758e4dcb16778484629f0d79112a385	0.3228583317765039	0.3429455039880059	0.3966835486533668	0.3912098671732187
less_fan_conditioning_10k	less_fan_conditioning_10k__c0_b0_update6800__21802344	outputs/less_fan_conditioning_10k/full200_selected/c0_b0_update6800	/common/lidxxlab/chushu/RexGroundingCT/outputs/less_fan_conditioning_10k/c0_b0_continue/checkpoints/checkpoint_update_6800.pth	0.3356495726600387	296	0.7769028871391076	True	21802344efc1ab8bf41035d5cabba1088c96452626573db0545d32773d686a4d	0.3278458617255328	0.3602540400444106	0.3857838993245199	0.3783978333225322
category_continuous_router_from_s3_u9000	category_continuous_router_from_s3_u9000__best__4d50029f	outputs/category_continuous_router_from_s3_u9000/full_validation/best	/common/lidxxlab/chushu/RexGroundingCT/outputs/category_continuous_router_from_s3_u9000/evaluation_model/fold_0/checkpoint_final.pth	0.335546934464216	289	0.7585301837270341	True	4d50029fa5dbf815fd2d76254d0787e6919af4d024b6da041c5331e4b395e115	0.3358097358776266	0.3578426043263598	0.3866225419893026	0.3692651962331244
controlled_v11_selected_full200	controlled_v11_selected_full200__s3_update9000__77cbe37f	outputs/controlled_v11_selected_full200/s3_update9000	/common/lidxxlab/chushu/RexGroundingCT/outputs/controlled_v11_selected_full200/models/s3_update9000/fold_0/checkpoint_final.pth	0.3355345029481685	289	0.7585301837270341	True	77cbe37ff1d729d40f771f451ca17114d6e748ac365f97c49e0cde1ee1976656	0.3358308682530442	0.3578317727581574	0.3865785699516634	0.3692417537426509
prompt_location_alignment_loss_v1_noattention_from_update8000_to10000	prompt_location_alignment_loss_v1_noattention_from_update8000_to10000__full381_update10000__476e16cb	outputs/prompt_location_alignment_loss_v1_noattention_from_update8000_to10000/full381_update10000	/common/lidxxlab/chushu/RexGroundingCT/outputs/prompt_location_alignment_loss_v1_noattention_from_update8000_to10000/checkpoints/checkpoint_update_10000.pth	0.33537662110356864	293	0.7690288713910761	True	476e16cb4caffb1bf9d57367b1e387666ffb098096c51c19d531737d5ad6ae51	0.3326976208828863	0.341985480300171	0.3786224312476122	0.3814541571243404
a2_fan_preserve_semantic_grounding_v11_continue_5000_to10000	a2_fan_preserve_semantic_grounding_v11_continue_5000_to10000__update_09500__d5e52334	outputs/a2_fan_preserve_semantic_grounding_v11_continue_5000_to10000/full_validation/update_09500	/common/lidxxlab/chushu/RexGroundingCT/outputs/a2_fan_preserve_semantic_grounding_v11_continue_5000_to10000/checkpoints/checkpoint_update_9500.pth	0.33467875428160426	291	0.7637795275590551	True	d5e523342ceb694577c587f18a2d6e489c3dc7720a0a7e770393f0d739f5552c	0.3178832686026484	0.355269357803091	0.375859043064357	0.3806524064230806
b3_bico_e345_v11	b3_bico_e345_v11__b3_bico_e345_update5000__753ef2d1	outputs/b3_bico_e345_v11/training/full200/b3_bico_e345_update5000	/common/lidxxlab/chushu/RexGroundingCT/outputs/b3_bico_e345_v11/training/checkpoints/checkpoint_update_5000.pth	0.33467684706377754	291	0.7637795275590551	True	753ef2d13ae0c8f09f9ce7fbc14f425d78e9cf694c67af08ce9b88f7794ebdab	0.3376993777315772	0.3534517836632262	0.3850163318572406	0.3734646147429686
nonattention_baseline_selection	nonattention_baseline_selection__full381_update10000__f9c103ca	outputs/nonattention_baseline_selection/full381_update10000	/common/lidxxlab/chushu/RexGroundingCT/outputs/voxtell_v11_e1e-5_d1e-4_1gpu_bs1_acc4_10kupd/checkpoints/checkpoint_update_10000.pth	0.3344536714262334	292	0.7664041994750657	True	f9c103ca318c9aa523175eb9761b0e482fb6d032ce56e9b3f805753c0c57dc02	0.3339566468742799	0.3418389194020353	0.3762116053675713	0.3799499342767214
b3_plus_less_v11	b3_plus_less_v11__b3_plus_less_update5000__8dc6626e	outputs/b3_plus_less_v11/full200/b3_plus_less_update5000	/common/lidxxlab/chushu/RexGroundingCT/outputs/b3_plus_less_v11/checkpoints/checkpoint_update_5000.pth	0.334277122102467	292	0.7664041994750657	True	8dc6626e918b45afcff2a33722a38b5b5738c365a3f6e65dbfa0313323540cb1	0.3331687476542047	0.3457470793523562	0.4037973111859986	0.3710897476204506
s3_low_lr_full200_every1000	s3_low_lr_full200_every1000__update_08000__be24d0fc	outputs/s3_low_lr_full200_every1000/results/strict2b2c_low_lr_from_u5000/update_08000	/common/lidxxlab/chushu/RexGroundingCT/outputs/s3_multiscale_strict2b2c_from_u5000_e1e-6_d1e-5_s3e1e-5_to10kupd/voxtell_compatible_models/strict2b2c_low_lr_from_u5000_update8000/fold_0/checkpoint_final.pth	0.33336840230822057	295	0.7742782152230971	True	be24d0fc320a43283cd1524ee2366d456a222e4016cac3741f2ef608a89cc223	0.3367278771650417	0.362090748761266	0.3717996873391725	0.3715006433067985
segmote_voxtell_m0_mote_v11_5k	segmote_voxtell_m0_mote_v11_5k__segmote_m0_update3400_thr0p40_full200__f3a82624	outputs/segmote_voxtell_m0_mote_v11_5k/full200_threshold_sweep/segmote_m0_update3400_thr0p40_full200	/common/lidxxlab/chushu/RexGroundingCT/outputs/segmote_voxtell_m0_mote_v11_5k/checkpoints/checkpoint_update_3400.pth	0.33333576270309506	289	0.7585301837270341	True	f3a82624a43ce9469ad5365ad2f9dc2742c116a90bceddf7651c581c08538993	0.3211580292955654	0.3592689847803641	0.3931848977347591	0.3813306578969292
word_global_v11_0to2000	word_global_v11_0to2000__b3_u4000__4a367e79	outputs/word_global_v11_0to2000/full200_best_and_u4000/b3_u4000	/common/lidxxlab/chushu/RexGroundingCT/outputs/word_global_v11_0to2000/B3_candidates_global_router/checkpoints/checkpoint_update_4000.pth	0.3327853880592859	295	0.7742782152230971	True	4a367e790a531faaedf2084e5d3d0b67905d3d798ee76793cfaf7f693ba874cf	0.3390199430965784	0.3482394362278206	0.379223584821213	0.3766133161120665
c2_less_semantic_coadapt_v11	c2_less_semantic_coadapt_v11__pathology_continue_update_7600__41e10d95	outputs/c2_less_semantic_coadapt_v11/p_pathology_continue_full200_selected/full_validation/pathology_continue_update_7600	/common/lidxxlab/chushu/RexGroundingCT/outputs/c2_less_semantic_coadapt_v11/p_pathology_continue_5000_to10000_corrected/checkpoints/checkpoint_update_7600.pth	0.33231951750051825	284	0.7454068241469817	True	41e10d95e343481c8dbcb148f1ea4aa7bfcfad56af1ccbf08004e320e571e1f9	0.3432306621512351	0.3487259841792081	0.3769443512697888	0.3674517517729554
b3_plus_less_v11_continue_5000_to8000	b3_plus_less_v11_continue_5000_to8000__b3_plus_less_update6600__205993e8	outputs/b3_plus_less_v11_continue_5000_to8000/full200_selected/b3_plus_less_update6600	/common/lidxxlab/chushu/RexGroundingCT/outputs/b3_plus_less_v11_continue_5000_to8000/checkpoints/checkpoint_update_6600.pth	0.3317305247133273	290	0.7611548556430446	True	205993e815cfeab384bb6a0a804dd7cddb02576c17e5edf6b956ae0d6772f518	0.3140844669071766	0.3594140283773	0.3784816238097266	0.3763394756973115
b3_plus_less_v11_continue_8000_to10000	b3_plus_less_v11_continue_8000_to10000__b3_plus_less_update9200__30b60db1	outputs/b3_plus_less_v11_continue_8000_to10000/full200/b3_plus_less_update9200	/common/lidxxlab/chushu/RexGroundingCT/outputs/b3_plus_less_v11_continue_8000_to10000/checkpoints/checkpoint_update_9200.pth	0.3316679300687309	292	0.7664041994750657	True	30b60db184d07622ace19d9c843cbad119b0e4569c8298aff2c74c3024c9deae	0.335241658127145	0.3538774357565889	0.3843066769158904	0.3649748487596348
qwen_lora_top6_global_from_v11_low_lr_e1e-6_d1e-5_from_u5000	qwen_lora_top6_global_from_v11_low_lr_e1e-6_d1e-5_from_u5000__update_07400__82d735f1	outputs/qwen_lora_top6_global_from_v11_low_lr_e1e-6_d1e-5_from_u5000/full200_selected/update_07400	/common/lidxxlab/chushu/RexGroundingCT/outputs/qwen_lora_top6_global_from_v11_low_lr_e1e-6_d1e-5_from_u5000/checkpoints/checkpoint_update_7400.pth	0.3294091734811572	290	0.7611548556430446	True	82d735f12815c9172113b293f742ec6e8e45c072e8672114f7bbbb5d9e6f627e	0.328278194575393	0.3673851430897609	0.3844488376748095	0.359573225449048
attention_scale_screen_matched_comparison	attention_scale_screen_matched_comparison__base_update6000__b7f764fa	outputs/attention_scale_screen_matched_comparison/full381/base_update6000		0.3289252128343666	290	0.7611548556430446	True	b7f764fa52068b46be63308db4f66a922a10d367436bda62f0dc46d64396c0d3	0.3190960661831388	0.3653455285760879	0.3903007778262166	0.3610201661858183
qwen_complementarity_full200	qwen_complementarity_full200__q0__2898dd8b	outputs/qwen_complementarity_full200/source_metrics/q0		0.3285152961288672	288	0.7559055118110236	True	2898dd8bc216fedcff781fd96660b0f691163ec00b1a031f7e6851ab9efe776a	0.3322496784215248	0.3621251705012173	0.3544397588576704	0.3746886419856025
c_global_lambda01_v11	c_global_lambda01_v11__b0_update5000__e620bf6e	outputs/c_global_lambda01_v11/full200/b0_update5000	/common/lidxxlab/chushu/RexGroundingCT/outputs/a2_fan_v11_longrun_5000/B0/checkpoints/checkpoint_update_5000.pth	0.3284072245617925	288	0.7559055118110236	True	e620bf6ea3f07a06c95f05eb21b857458129348bf633e5b69e229adc9d4885e7	0.3322108585978286	0.3620762237516217	0.3544856586141896	0.3744473815060706
s3_full200_every1000	s3_full200_every1000__update_06000__8a24d746	outputs/s3_full200_every1000/results/clean_multiscale_strict2b2c/update_06000	/common/lidxxlab/chushu/RexGroundingCT/outputs/s3_multiscale_2b2c_v11_e1e-5_d1e-4_s3e1e-4_1gpu_bs1_acc4_10kupd/voxtell_compatible_models/clean_multiscale_strict2b2c_update6000/fold_0/checkpoint_final.pth	0.32835096750513143	294	0.7716535433070866	True	8a24d74647b8ac264ae0bb10bbd7f590e0e777c70ec6f2c128b8d798b4d2478c	0.3195817379536875	0.3676216094099972	0.3901622690101776	0.3556005755237357
attention_scale_screen_control_u500	attention_scale_screen_control_u500__update500__bb5ba37f	outputs/attention_scale_screen_control_u500/full381/update500		0.32834273240910744	287	0.7532808398950132	True	bb5ba37f51a265cff81bab1ca4c1886981829bb28f180ec5ab2e358c42127b79	0.3126229151138542	0.3500690993006841	0.3914697600752099	0.3604446763242551
current_best_full200_validation	current_best_full200_validation__e3_semantic_update3600_best_fixed30__6cac124c	outputs/current_best_full200_validation/e3_semantic_update3600_best_fixed30	/common/lidxxlab/chushu/RexGroundingCT/outputs/a2_fan_preserve_semantic_grounding_v11_5000/checkpoints/checkpoint_update_3600.pth	0.326806686887125	294	0.7716535433070866	True	6cac124c5f66cb7747eaaac26265b07f637cad0a2595fdf52164f64f2a0a74c2	0.3110419754528685	0.3617060271498753	0.3800474790953075	0.3630591652504438
attention_scale_screen_1_2_u500	attention_scale_screen_1_2_u500__update500__646afe72	outputs/attention_scale_screen_1_2_u500/full381/update500		0.32658874396275234	287	0.7532808398950132	True	646afe726f7bb78973350736972f90b60f623df16a0df26e60a3d85388499a12	0.3091653826213931	0.3552365754329062	0.3931295329605228	0.3553487858125125
qwen_early_coadaptation_from_v11	qwen_early_coadaptation_from_v11__C1_update_5000__92378e4c	outputs/qwen_early_coadaptation_from_v11/full_validation_selected_checkpoints/full_validation/C1_update_5000	/common/lidxxlab/chushu/RexGroundingCT/outputs/qwen_lora_top6_global_from_v11/checkpoints/checkpoint_update_5000.pth	0.3251869783409958	292	0.7664041994750657	True	92378e4cdb4f77344a805e19fd5bfd3e5235435744164afe09bc5e3cf6f5e1ec	0.3203378715801163	0.3625134776618576	0.3733683257031036	0.3638332307379338
sera_functional_experts_v11_5k	sera_functional_experts_v11_5k__S1_FUNC__417cbfb2	outputs/sera_functional_experts_v11_5k/full381_update3000/S1_FUNC	/common/lidxxlab/chushu/RexGroundingCT/sera_functional_experts_worktree/outputs/sera_functional_experts_v11_5k/full381_update3000/S1_FUNC/model/fold_0/checkpoint_final.pth	0.3229843024058165	288	0.7559055118110236	True	417cbfb22974a3f88523131e42b80fc5e884189611fa0230d85f1ccd1d6f91ce	0.3329288872016347	0.3597224386627213	0.368245624281473	0.3498683788944424
attention_scale_screen_1_4_u500	attention_scale_screen_1_4_u500__update500__9a879693	outputs/attention_scale_screen_1_4_u500/full381/update500		0.32233244178736115	283	0.7427821522309711	True	9a87969338e4fc6d8752a3fa27cf43259c184a683d0ba090e1075fbd94e12689	0.3127717790935167	0.3484946996171038	0.3838471067337621	0.3518861968355772
b3_candidate_router_ablation_v11	b3_candidate_router_ablation_v11__functional_k1_u4000__b822578d	outputs/b3_candidate_router_ablation_v11/full200/functional_k1_u4000	/common/lidxxlab/chushu/RexGroundingCT/outputs/b3_candidate_router_ablation_v11/functional_k1_first/checkpoints/checkpoint_update_4000.pth	0.32122835070031397	291	0.7637795275590551	True	b822578d15a2cedeb11625ce51c131c7644ce02da28677c4860a0d5cfb737ff9	0.3368381041488397	0.3340065299291019	0.373992542644601	0.3499197290411098
attention_scale_screen_1_1_u500	attention_scale_screen_1_1_u500__update500__5210c979	outputs/attention_scale_screen_1_1_u500/full381/update500		0.31893185885429703	288	0.7559055118110236	True	5210c979b0cdcef656b00fadafa58e93af2a360824d20eab063e0925fa7d160b	0.3080524471652428	0.347511856395325	0.38866694897625	0.3390751295690229
segmote_voxtell_m1_bidir_v11_5k	segmote_voxtell_m1_bidir_v11_5k__segmote_m1_update2400_full200__c08224a0	outputs/segmote_voxtell_m1_bidir_v11_5k/full200/segmote_m1_update2400_full200	/common/lidxxlab/chushu/RexGroundingCT/outputs/segmote_voxtell_m1_bidir_v11_5k/checkpoints/checkpoint_update_2400.pth	0.31684001563114766	288	0.7559055118110236	True	c08224a0e557cb4db3814980dca08c0431021dca33d9fea674d01873e7c704eb	0.3039724905131648	0.3499015052067344	0.3664385980878964	0.3523899560427447
pbt_cls_fullval_qwen_complementarity	pbt_cls_fullval_qwen_complementarity__E2_qwen_heavy__9f4f0726	outputs/pbt_cls_fullval_qwen_complementarity/ensembles/E2_qwen_heavy	/common/lidxxlab/chushu/RexGroundingCT/outputs/pubmedbert_voxtell/PBT-CLS/checkpoints/checkpoint_update_7200.pth	0.3163121779649272	287	0.7532808398950132	True	9f4f0726fbdf39550ff6cd3f70de4fec1a1fc53ed4fd351704e4c33cea700578	0.3249458695925261	0.3338339880585297	0.3439402758485461	0.356554565333197
a2_fan_preserve_semantic_grounding_e3b_v11_5000	a2_fan_preserve_semantic_grounding_e3b_v11_5000__update_02200__196b8417	outputs/a2_fan_preserve_semantic_grounding_e3b_v11_5000/full_validation/update_02200	/common/lidxxlab/chushu/RexGroundingCT/outputs/a2_fan_preserve_semantic_grounding_e3b_v11_5000/checkpoints/checkpoint_update_2200.pth	0.3157134195043904	289	0.7585301837270341	True	196b84174f8edf36c953da8128504ea8f90c2159ddd2163920783e210ef208da	0.2912457049736921	0.3386627525748104	0.3905498855185084	0.3514845888163023
segmote_voxtell_p0_ppt_v11_5k	segmote_voxtell_p0_ppt_v11_5k__segmote_p0_update4200_full200__79b2a4c7	outputs/segmote_voxtell_p0_ppt_v11_5k/full200/segmote_p0_update4200_full200	/common/lidxxlab/chushu/RexGroundingCT/outputs/segmote_voxtell_p0_ppt_v11_5k/checkpoints/checkpoint_update_4200.pth	0.31242546179093167	280	0.7349081364829396	True	79b2a4c78bbcd4c13f3ebbfbba3fd2928b19ac0c350577b8d1c7314f432ba799	0.2938195403564171	0.3489264241839378	0.3806785838851961	0.3392637603371922
bidir_prompt_decoder_v11_5000	bidir_prompt_decoder_v11_5000__update_03400__297c60ff	outputs/bidir_prompt_decoder_v11_5000/E1_old_fusion/full_validation/update_03400	/common/lidxxlab/chushu/RexGroundingCT/outputs/bidir_prompt_decoder_v11_5000/E1_old_fusion/checkpoints/checkpoint_update_3400.pth	0.31095875933006	283	0.7427821522309711	True	297c60ffb17987b46930203f092a241726ba0a38235a4ad2781ced5de4dd75bc	0.2959302026807268	0.3218049648926911	0.3683963671541444	0.3598132294046747
global_image_to_text_v11_5000	global_image_to_text_v11_5000__global_i2t_update5000__14aad8b0	outputs/global_image_to_text_v11_5000/full200_selected/global_i2t_update5000	/common/lidxxlab/chushu/RexGroundingCT/outputs/global_image_to_text_v11_5000/checkpoints/checkpoint_update_5000.pth	0.31068032426414294	282	0.7401574803149606	True	14aad8b0a8598eb0df758d62b9d8aa779c8292ac69c302a530724706648fe16e	0.3197181534658751	0.3268830913753627	0.3584793053354738	0.3449086155969815
a2_fan_v11_longrun_5000	a2_fan_v11_longrun_5000__direct_update4200__e5e015fa	outputs/a2_fan_v11_longrun_5000/direct_full_validation/direct_update4200	/common/lidxxlab/chushu/RexGroundingCT/outputs/a2_fan_v11_longrun_5000/Direct/checkpoints/checkpoint_update_4200.pth	0.30817063314648774	285	0.7480314960629921	True	e5e015fa73b3d172d3379e4960bc917e142efa7ef13942f66bb7efa1203d0172	0.2872144343288538	0.3177315336061688	0.3643656237094125	0.3487553555253266
mome_residual_stage2	mome_residual_stage2__A1R__89c6481f	outputs/mome_residual_stage2/evaluations/full381/A1R	/common/lidxxlab/chushu/RexGroundingCT/outputs/mome_residual_stage2/evaluations/full381/A1R/model/fold_0/checkpoint_final.pth	0.3078844339014098	274	0.7191601049868767	True	89c6481fe0003ac8f4b35e74beb8332ffc6020b5b6d77c30d44acd765fe14fba	0.3152722414347554	0.3244133235142853	0.3628476668450616	0.3439495465531937
locate_daft_streamlined	locate_daft_streamlined__L2__27ac7623	outputs/locate_daft_streamlined/evaluations/full381/L2	/common/lidxxlab/chushu/RexGroundingCT_daft_worktree/outputs/locate_daft_streamlined/evaluations/full381/L2/model/fold_0/checkpoint_final.pth	0.30786354036317803	275	0.7217847769028871	True	27ac762371477d0282b1ea6015732798446b83fb657dfe5bad6e5c13d266cab6	0.3152126458379743	0.3250746308307397	0.3630186647115427	0.3435867168223407
lobe_roi_segmentation_loss_continue_5000_to10000	lobe_roi_segmentation_loss_continue_5000_to10000__update_08000__dae46206	outputs/lobe_roi_segmentation_loss_continue_5000_to10000/full200/update_08000	/common/lidxxlab/chushu/RexGroundingCT/outputs/lobe_roi_segmentation_loss_continue_5000_to10000/checkpoints/checkpoint_update_8000.pth	0.30780064519064687	279	0.7322834645669292	True	dae46206297e4fde00d81276bcf1dbf4b2e1a3eb3c443539952f967525825d91	0.32514362386223	0.3393665736508026	0.3552228203242066	0.3255845525959648
mome_core_stage1	mome_core_stage1__B0__c5057502	outputs/mome_core_stage1/evaluations/full381/B0	/common/lidxxlab/chushu/RexGroundingCT/outputs/mome_core_stage1/evaluations/full381/B0/model/fold_0/checkpoint_final.pth	0.30756771503226876	275	0.7217847769028871	True	c505750207afa485077b36ce8a116739faf0a13e55f35006218b5e958081e465	0.3150205660658828	0.325021389294952	0.3631467927208422	0.3428726600339966
zoom_out_256_matched	zoom_out_256_matched__s3_allcategory_1over1_step6000__41ddedf7	outputs/zoom_out_256_matched/fullvol_evaluation/s3_allcategory_1over1_step6000	/common/lidxxlab/chushu/RexGroundingCT/outputs/zoom_out_256_matched/s3_allcategory_1over1_from_update3250_10000microsteps_patchval500/checkpoints/checkpoint_best_val_dice_step_6000.pth	0.3031991049738247	274	0.7191601049868767	True	41ddedf7d2cef79ef0b072c6ef894cb8e239320351950993e8af0d60c4ab30f6	0.3034723264367521	0.3250115746400276	0.3743539012162082	0.3307674384107923
prompt_location_alignment_loss_v1_allcat1over1_step6000	prompt_location_alignment_loss_v1_allcat1over1_step6000__full381_update250__9f26ba1d	outputs/prompt_location_alignment_loss_v1_allcat1over1_step6000/full381_update250	/common/lidxxlab/chushu/RexGroundingCT/outputs/prompt_location_alignment_loss_v1_allcat1over1_step6000/checkpoints/checkpoint_update_250.pth	0.3026651293956853	274	0.7191601049868767	True	9f26ba1defe601babbc194bb411f9104da82c5e0d0925d925a59c5e99415fec6	0.2978250049902091	0.3287315254459285	0.3686423261383741	0.3339537374237883
original_voxtell_semantic_screen_1k	original_voxtell_semantic_screen_1k__full200_1000__9b94b235	outputs/original_voxtell_semantic_screen_1k/b0_original/full200_1000	/common/lidxxlab/chushu/RexGroundingCT/outputs/original_voxtell_semantic_screen_1k/b0_original/full200_exports/checkpoint_update_1000_inference.pth	0.3016030709501826	282	0.7401574803149606	True	9b94b2354a65463b47db0cf6e0b8eaa628b4ac24274fce174d879b92a0f807c7	0.2836934021294839	0.3347234661913467	0.3716021218253231	0.3302600693080071
archived_experiment_records	archived_experiment_records__update_50__d38b395b	outputs/archived_experiment_records/20260728/result_folder_first_wave/closed_negative_experiments/prompt_residual_adapter_s3_early_checkpoint_diagnostic/full_eval/multiscale_2b2c/update_50	/common/lidxxlab/chushu/RexGroundingCT/outputs/prompt_residual_adapter_s3_early_checkpoint_diagnostic/full_eval/multiscale_2b2c/eval_base_model/fold_0/checkpoint_final.pth	0.30121814463251523	277	0.7270341207349081	True	d38b395b5cdb0d71cd3adc542de18ee8755f84c432fc5a3c99f10bfcd620879a	0.2929259512724722	0.3355604101259807	0.3628656854828671	0.332704821670048
roi_aware_weighted_seg_v2strict_full381_update100_update250_eval	roi_aware_weighted_seg_v2strict_full381_update100_update250_eval__update250_control__1e60e06e	outputs/roi_aware_weighted_seg_v2strict_full381_update100_update250_eval/update250_control	/common/lidxxlab/chushu/RexGroundingCT/outputs/roi_aware_weighted_seg_v2strict_lowLR_alpha0_allcat1over1_step6000/checkpoints/checkpoint_update_250.pth	0.30043548980047197	277	0.7270341207349081	True	1e60e06e2e80c543da2f0b3c457724927997212f7fa6f522ed4f2cd4393b1184	0.3023461710851956	0.3315836075702653	0.3565128679047877	0.329365323644881
lobe_roi_segmentation_loss_5k_cached	lobe_roi_segmentation_loss_5k_cached__update_04000__3ce6073d	outputs/lobe_roi_segmentation_loss_5k_cached/full200/update_04000	/common/lidxxlab/chushu/RexGroundingCT/outputs/lobe_roi_segmentation_loss_5k_cached/checkpoints/checkpoint_update_4000.pth	0.28456596712116156	269	0.7060367454068242	True	3ce6073d6ff8429f6895c61ccb3164289f01baaef5f094d244579bfccd90cd1f	0.2840005961866864	0.3181557415802233	0.3670378998122117	0.2859960442521529
b3_s1_lobe_roi_resampling_8k	b3_s1_lobe_roi_resampling_8k__update_02000__e0dace3e	outputs/b3_s1_lobe_roi_resampling_8k/native_no_resampling/full200/update_02000	/common/lidxxlab/chushu/RexGroundingCT/outputs/b3_s1_lobe_roi_resampling_8k/native_no_resampling/full200/models/update_02000/fold_0/checkpoint_final.pth	0.28449050165551387	273	0.7165354330708661	True	e0dace3e51ed25f980989c96aa4d51e451511aae173ec26d5a3c960bc485378d	0.2776738591395961	0.2887312865609159	0.3624483854145564	0.3055909963888539
prompt_residual_adapter_best_s3_frozen	prompt_residual_adapter_best_s3_frozen__update_100__98caef32	outputs/prompt_residual_adapter_best_s3_frozen/full_eval/update_100	/common/lidxxlab/chushu/RexGroundingCT/outputs/prompt_residual_adapter_best_s3_frozen/full_eval/eval_base_model/fold_0/checkpoint_final.pth	0.28137608559042876	266	0.6981627296587927	True	98caef3298442ec5bd576a0ccb262fa1ef9b8b051ba182e476e6654acbcc58c6	0.2542366735512288	0.3262543409696287	0.3730383922888824	0.2947307629256657
dual_s3_multifov	dual_s3_multifov__full_volume_update2000_globalonly_dual_s3_context_only_update2000__ccd78262	outputs/dual_s3_multifov/from_s3_step6000_update1500_focal96_bf16_2h100_to_update6500/full_volume_update2000_globalonly_dual_s3_context_only_update2000	/common/lidxxlab/chushu/RexGroundingCT/outputs/dual_s3_multifov/from_s3_step6000_update1500_focal96_bf16_2h100_to_update6500/voxtell_compatible_models/update2000_dual_s3_context_only_update2000/fold_0/checkpoint_final.pth	0.27423774459920863	261	0.6850393700787402	True	ccd78262febbcaa4f15e123d618a9c727770b86804c130d6b3583a97753945d1	0.2417243360862455	0.3265466263768135	0.3674359019060161	0.2869564604624277
dual_s3_smoke	dual_s3_smoke__baseline_step6000_summary_check__098b2aa2	outputs/dual_s3_smoke/baseline_step6000_summary_check		0.2740197185538815	259	0.6797900262467191	True	098b2aa2c935289c028e3da0f3a9715a4920066bde114368f4c3f9ae0e2556a5	0.23959589990794	0.3253989350602588	0.3651480511293266	0.2898668733158335
s3d_matched_continue_from_weakdiffuse_control_step1000	s3d_matched_continue_from_weakdiffuse_control_step1000__category_analysis__440e1ba2	outputs/s3d_matched_continue_from_weakdiffuse_control_step1000/allcat_1over1_only_to_step6000/full_volume_step6000_globalonly_allcat_1over1_step6000/category_analysis	/common/lidxxlab/chushu/RexGroundingCT/outputs/s3d_matched_continue_from_weakdiffuse_control_step1000/allcat_1over1_only_to_step6000/voxtell_compatible_models/step6000_allcat_1over1_step6000/fold_0/checkpoint_final.pth	0.27360043496553166	261	0.6850393700787402	True	440e1ba2e9917e722977fbc2980695cafd083fba182372519600b9a233dc951d	0.2479657009581175	0.3213101706654609	0.3664973722717493	0.284729223653378
s3_diffuse_coverage_tv_matched_from_s3d_step400	s3_diffuse_coverage_tv_matched_from_s3d_step400__category_analysis__a5c43bec	outputs/s3_diffuse_coverage_tv_matched_from_s3d_step400/weakdiffuse_gate_control/full_volume_step1000_globalonly_weakdiffuse_gate_control/category_analysis	/common/lidxxlab/chushu/RexGroundingCT/outputs/s3_diffuse_coverage_tv_matched_from_s3d_step400/weakdiffuse_gate_control/voxtell_compatible_models/step1000_weakdiffuse_gate_control/fold_0/checkpoint_final.pth	0.271812342823036	254	0.6666666666666666	True	a5c43bec095409214e2161769b0e5de5b7cbd4cf3a560847d1fbbbe29a8dc43f	0.2260355426910966	0.3266523656009253	0.3633156719419529	0.2907333856759142
s3d_multiscale_2b2c_train_nowrong_from_adaptive_step600	s3d_multiscale_2b2c_train_nowrong_from_adaptive_step600__full_volume_step400_globalonly_2b2c__a412c184	outputs/s3d_multiscale_2b2c_train_nowrong_from_adaptive_step600/full_volume_step400_globalonly_2b2c	/common/lidxxlab/chushu/RexGroundingCT/outputs/s3d_multiscale_2b2c_train_nowrong_from_adaptive_step600/voxtell_compatible_models/step400_2b2c/fold_0/checkpoint_final.pth	0.2710225483145534	253	0.6640419947506562	True	a412c1843f3884b2e40d917a714e89dd5defe88cb1b366dace10f2a4ca106e0a	0.2273227333203439	0.3208466029635128	0.3687967634475626	0.2892853662534403
biomedclip_cls	biomedclip_cls__biomedclip_cls_update7000__0989866a	outputs/biomedclip_cls/matched_from_voxtell_init/full200_selected/biomedclip_cls_update7000	/common/lidxxlab/chushu/RexGroundingCT/outputs/biomedclip_cls/matched_from_voxtell_init/checkpoints/checkpoint_update_7000.pth	0.2658974177686638	265	0.6955380577427821	True	0989866ac08670d50ff6dcb7675061a9d80e5d809d5b8b98d5b1af07a6c27c0a	0.2199378925788308	0.2575318087376608	0.3682860219264938	0.3117175166927086
pubmedbert_voxtell	pubmedbert_voxtell__pubmedbert_cls_update7200__5e070cfe	outputs/pubmedbert_voxtell/PBT-CLS/full200_selected/pubmedbert_cls_update7200	/common/lidxxlab/chushu/RexGroundingCT/outputs/pubmedbert_voxtell/PBT-CLS/checkpoints/checkpoint_update_7200.pth	0.25225939492967137	252	0.6614173228346457	True	5e070cfec7a23dead06b8a957f2eaa7cc386cd7a7a71dc39b0712a9a38377a34	0.2166478017106035	0.2535378743499221	0.3328018436957206	0.290962277200161
medplex_trainable_text_study	medplex_trainable_text_study__P0_update_4000__a228e3fe	outputs/medplex_trainable_text_study/full200_selected_checkpoints/full_validation/P0_update_4000	/common/lidxxlab/chushu/RexGroundingCT/outputs/pbt_trainable_control_from4800/checkpoints/checkpoint_update_4000.pth	0.2473467016959409	259	0.6797900262467191	True	a228e3fe72bc9a44b9477110c1edb9b14efc0285189fca255a0a4f1b613917cf	0.2126941189565554	0.2386588126403174	0.3389106860334189	0.2907933375561294
